City ID,City Name,Latitude,Longitude,Temperature,Humidity,Cloudiness,Wind Speed
0,Punta Arenas,-53.15,-70.92,46.4,81,90,8.05
1,Bengkulu,-3.8,102.27,75.29,86,100,4.03
2,Severo-Kuril'sk,50.68,156.12,38.79,73,98,31.65
3,Lillooet,50.69,-121.94,50.85,93,90,8.05
4,Tahoua,14.89,5.27,82.4,23,0,4.7
5,New Norfolk,-42.78,147.06,46.83,63,1,1.01
6,Ushuaia,-54.8,-68.3,66.2,37,0,3.36
7,Barra Patuca,15.8,-84.28,77.72,91,100,13.42
8,Vardø,70.37,31.11,39.2,80,75,28.86
9,Khatanga,71.97,102.5,-6.59,90,13,8.1
10,Puerto Ayora,-0.74,-90.35,74.5,100,40,24.16
11,Yellowknife,62.46,-114.35,2.28,77,75,2.48
12,Barrow,71.29,-156.79,26.6,68,75,29.97
13,Can Tho,10.03,105.78,77,100,40,1.12
14,Kruisfontein,-34,24.73,69.01,82,100,3
15,Grafton,42.21,-71.69,54.57,50,1,14.99
16,Bolshaya Sosnova,57.67,54.6,34.83,94,100,5.99
17,Bariloche,-41.15,-71.31,48.2,66,75,20.8
18,Maumere,-8.62,122.21,79.81,76,65,3.04
19,Butaritari,3.07,172.79,80.87,72,100,11.86
20,Avarua,-21.21,-159.78,71.6,88,95,26.24
21,Sibolga,1.74,98.78,76.6,76,65,3.49
22,Chokurdakh,70.63,147.92,-14.37,87,0,5.06
23,Cherskiy,68.75,161.3,5.65,86,100,5.59
24,Hermanus,-34.42,19.23,66.99,80,63,4
25,Idrinskoye,54.37,92.14,27.05,96,100,20.76
26,Kedgwick,47.64,-67.34,26.49,82,100,5.48
27,Albany,42.6,-73.97,53.2,47,20,16.11
28,Anadyr,64.75,177.48,35.6,94,20,22.37
29,Fujin,47.26,132.03,25.75,79,0,7.85
30,Cabinda,-5.55,12.2,78.12,84,100,6.22
31,Lensk,60.73,114.93,17.69,95,100,4.83
32,Tonoshō,34.48,134.18,41.2,81,40,9.17
33,Atuona,-9.8,-139.03,78.96,77,5,21.63
34,Campo Largo,-25.46,-49.53,56.77,87,75,11.41
35,Mahébourg,-20.41,57.7,71.6,83,75,6.93
36,Hamilton,39.18,-84.53,71.02,30,1,11.41
37,Xining,36.62,101.77,35.1,85,99,1.92
38,Haines Junction,60.75,-137.51,-9.4,69,98,1.12
39,Rikitea,-23.12,-134.97,73.44,75,0,15.73
40,Tomatlán,19.93,-105.25,90.27,43,10,5.97
41,Akoupé,6.39,-3.9,75.2,95,100,2.59
42,Port Elizabeth,-33.92,25.57,68,88,100,9.17
43,Jamestown,42.1,-79.24,64.4,36,1,13.87
44,Escanaba,45.75,-87.06,57.65,66,1,13.87
45,Aklavik,68.22,-135.01,5,84,90,5.82
46,Eibergen,52.1,6.65,39.33,92,0,5.21
47,Hong Kong,22.29,114.16,67.32,70,40,1.99
48,Stokmarknes,68.56,14.91,42.8,93,75,17.22
49,Mataura,-46.19,168.86,60.01,87,78,10
50,Havre de Grace,39.55,-76.09,62.55,39,1,9.17
51,Ancud,-41.87,-73.82,55.24,71,40,16.11
52,Bintulu,3.17,113.03,75.09,94,40,4.7
53,Cabedelo,-6.98,-34.83,80.6,78,0,9.17
54,Samarinda,-0.5,117.15,73.6,95,11,0.83
55,Busselton,-33.65,115.33,50.86,78,99,3
56,Quatre Cocos,-20.21,57.76,71.29,83,75,6.93
57,Mahina,-17.51,-149.49,82.4,74,75,16.11
58,Ise,34.48,136.7,51.8,76,40,9.17
59,Mukhen,48.1,136.1,24.73,85,49,12.21
60,Wenling,28.37,121.36,55.4,88,84,1.01
61,Guerrero Negro,27.98,-114.06,82.56,34,5,12.73
62,Kuril'sk,45.23,147.88,39.78,76,98,25.61
63,Wanning,18.8,110.4,73.17,84,100,12.75
64,Shahr-e Kord,32.33,50.86,41,21,0,6.93
65,Longyearbyen,78.22,15.64,32,94,40,28.86
66,Norman Wells,65.28,-126.83,-5.8,83,75,1.66
67,Biloela,-24.42,150.5,71.53,68,0,10.69
68,Hobart,-42.88,147.33,49.51,53,40,6.93
69,Fort Nelson,58.81,-122.7,10.4,85,75,2.24
70,Vélingara,13.15,-14.12,85.91,49,52,6.2
71,San Patricio,28.02,-97.52,80.69,39,40,11.41
72,El Dorado,38.77,-120.52,78.03,12,0,1.99
73,Shahrud,36.42,54.98,54.16,40,0,0.87
74,Lebu,-37.62,-73.65,55,64,0,11.01
75,Humaitá,-7.51,-63.02,88.99,55,97,0.72
76,Vila Velha,-20.33,-40.29,74.57,83,90,8.05
77,Cabo San Lucas,22.89,-109.91,87.31,55,5,4.7
78,Vaini,-21.2,-175.2,77,78,20,12.75
79,Solnechnyy,50.72,136.63,17.8,83,3,1.28
80,Dicabisagan,17.08,122.42,75.36,83,100,10.45
81,Bluff,-46.6,168.33,60.01,88,72,5.99
82,Takoradze,4.88,-1.76,79.79,83,3,5.86
83,Faanui,-16.48,-151.75,79.5,80,70,15.73
84,Hasaki,35.73,140.83,43.3,87,75,5.82
85,Qaanaaq,77.48,-69.36,-1.43,87,99,1.54
86,Saint Paul Harbor,57.79,-152.41,30.2,50,75,11.41
87,Misratah,32.38,15.09,70.7,62,0,6.64
88,Nicoya,10.15,-85.45,77,94,75,8.05
89,Rutana Province,-3.87,30.1,64.72,77,87,2.06
90,Kapaa,22.08,-159.32,81.59,78,75,10.98
91,Svetlaya,46.54,138.33,30.36,82,33,10.6
92,Veshenskaya,49.63,41.73,44.78,82,31,7.02
93,Åros,59.7,10.51,43.29,73,65,5.99
94,Maceió,-9.67,-35.74,80.6,74,0,9.17
95,Hilo,19.73,-155.09,79.74,66,75,4.7
96,Chumikan,54.72,135.31,13.39,91,0,27.07
97,Nikolskoye,59.7,30.79,44.76,75,75,8.95
98,Ternate,0.8,127.4,80.04,80,40,3
99,Zykovo,55.95,93.15,26.6,86,75,13.42
100,Walvis Bay,-22.96,14.51,59.47,82,0,8.05
101,Castro,-24.79,-50.01,58.59,87,13,7.05
102,Ribeira Grande,38.52,-28.7,60.8,63,75,8.05
103,Samagaltay,50.6,95,12.94,83,42,2.3
104,San Cristobal,7.77,-72.22,86,62,40,10.29
105,Kahului,20.89,-156.47,83.16,55,20,9.17
106,Siwāna,25.63,72.42,71.6,43,0,4.52
107,Nioro,13.35,-15.75,79.81,68,10,7.99
108,Leningradskiy,69.38,178.42,7.23,83,71,8.68
109,Ulladulla,-35.35,150.47,51.85,100,90,13.87
110,Marsá Maţrūḩ,31.35,27.25,69.8,68,40,8.05
111,Carnarvon,-24.87,113.63,69.8,94,0,17.22
112,Klaksvík,62.23,-6.59,50,100,86,27.51
113,Arraial do Cabo,-22.97,-42.03,75.2,69,75,6.93
114,Peniche,39.36,-9.38,52.38,69,100,5.99
115,Sioux Lookout,50.1,-91.92,57.2,44,40,9.17
116,Turinskaya Sloboda,57.62,64.39,33.51,93,0,10.25
117,Saldanha,-33.01,17.94,66.2,77,96,1.12
118,Khovd,48.01,91.64,23.11,89,24,3.27
119,Buala,-8.14,159.59,83.95,75,100,6.8
120,Cape Town,-33.93,18.42,69.1,64,0,10.29
121,Saint George,37.1,-113.58,73.6,26,1,0.76
122,Upernavik,72.79,-56.15,18.09,96,100,6.17
123,Atambua,-9.11,124.89,73.87,80,30,3.02
124,Broken Hill,-31.95,141.43,48.2,76,0,20.8
125,Kidal,18.44,1.41,80.08,20,30,8.46
126,El Cairo,4.76,-76.22,82.4,45,40,3.36
127,Vao,-22.67,167.48,72.68,86,15,9.28
128,Latung,5.5,120.88,82.47,75,83,5.12
129,Sal Rei,16.18,-22.92,77,78,40,9.17
130,Tuatapere,-46.13,167.68,60.01,87,91,10
131,Parintins,-2.63,-56.74,79.81,84,100,3.53
132,Rome,43.21,-75.46,59.5,42,1,11.41
133,Tarakan,3.3,117.63,81.54,78,57,7.07
134,San Ramon,37.78,-121.98,75.81,33,1,3.36
135,Cidreira,-30.18,-50.21,62.94,59,12,10.16
136,Kaitangata,-46.28,169.85,64.99,73,98,8.01
137,Pitimbu,-7.47,-34.81,80.6,78,0,9.17
138,Codrington,-38.27,141.97,50.97,74,38,13.09
139,‘Ewa Beach,21.32,-158.01,82.51,74,75,9.17
140,Tuktoyaktuk,69.45,-133.04,10.4,85,90,12.75
141,Sovetskiy,61.36,63.58,36.64,90,67,10.74
142,Sayyan,15.17,44.32,48.31,44,0,2.26
143,Thompson,55.74,-97.86,26.6,100,90,3.36
144,Ponta do Sol,32.67,-17.1,58.42,82,40,5.82
145,Santa Rosa,14.31,121.11,78.91,88,90,1.12
146,Hualmay,-11.1,-77.61,67.82,68,17,11.68
147,Namatanai,-3.67,152.43,82.09,77,99,9.8
148,Kresttsy,58.25,32.52,45.7,84,100,10.45
149,Port Alfred,-33.59,26.89,68.2,87,100,15.03
150,Pareora,-44.49,171.21,64.99,90,98,4.27
151,Bambous Virieux,-20.34,57.76,71.31,83,75,6.93
152,Vega de Alatorre,20.03,-96.63,77.38,64,54,15.84
153,Tasiilaq,65.61,-37.64,30.2,54,40,6.93
154,Mount Gambier,-37.83,140.77,46.4,87,40,6.93
155,Disna,55.57,28.2,46.63,82,100,8.32
156,Hambantota,6.12,81.12,78.93,83,79,3.71
157,Yate,51.54,-2.42,43.07,86,48,1.01
158,Chui,-33.7,-53.46,60.91,65,0,8.97
159,Yaan,7.38,8.57,80.06,75,100,6.2
160,Souillac,-20.52,57.52,71.6,83,75,6.93
161,Gōtsuchō,35,132.22,46.81,68,6,6.2
162,Aborlan,9.44,118.55,78.21,82,100,0.87
163,Esperance,-33.87,121.9,50,81,90,6.93
164,Tanete,-3.94,119.78,74.97,88,20,4
165,Mokhsogollokh,61.47,128.92,6.76,93,100,8.16
166,Alofi,-19.06,-169.92,78.8,74,75,19.46
167,Denpasar,-8.65,115.22,79.14,85,58,7.81
168,Ust-Kuyga,70.02,135.6,-18.09,85,1,3.49
169,Faya,18.39,42.45,61.7,87,4,1.81
170,São Sebastião,-23.76,-45.41,68.52,78,52,4.81
171,Tiksi,71.69,128.87,0.5,94,100,5.03
172,Angoche,-16.23,39.91,78.76,74,0,11.79
173,Eyl,7.98,49.82,77.74,67,74,13.78
174,Gondanglegi,-7.75,112.01,76.78,83,64,4.56
175,Hithadhoo,-0.6,73.08,83.03,71,52,4.92
176,Nouadhibou,20.93,-17.03,68,82,0,13.87
177,São Filipe,14.9,-24.5,77.13,81,89,7.74
178,Praia,14.92,-23.51,77,78,0,9.17
179,Lavrentiya,65.58,-171,27.21,98,100,15.03
180,Clyde River,70.47,-68.59,3.2,65,75,13.87
181,Launceston,-41.45,147.17,49.84,65,25,11.41
182,Chernyshevskiy,63.01,112.47,11.16,97,91,1.86
183,Castro Verde Municipality,37.7,-8.09,55.4,76,40,4.7
184,Moose Factory,51.26,-80.61,33.8,80,90,10.29
185,Isangel,-19.55,169.27,76.35,81,100,3.49
186,Cabatuan,10.88,122.49,75.78,87,99,1.68
187,Noumea,-22.28,166.46,77,78,75,3.36
188,Todos Santos,23.45,-110.22,81.52,71,86,5.01
189,Asău,46.43,26.4,37,97,1,2.37
190,Lompoc,34.64,-120.46,73.83,56,1,14.99
191,Bredasdorp,-34.53,20.04,66.2,82,79,12.75
192,Buckeye,33.37,-112.58,89.64,22,1,4.7
193,Haimen,23.19,116.61,60.8,87,0,4.47
194,Mongo,12.18,18.69,83.5,21,24,8.3
195,Olafsvik,64.89,-23.71,44.26,72,61,30.09
196,Maiduguri,11.85,13.16,80.74,27,64,9.89
197,Mar del Plata,-38,-57.56,63.66,43,0,17.22
198,Bambanglipuro,-7.95,110.28,77.49,86,60,3.27
199,Lata,40.16,-8.33,54.64,76,100,11.99
200,Barth,54.36,12.72,45.21,87,20,9.17
201,Pimenta Bueno,-11.67,-61.19,96.03,34,91,0.78
202,Gilgit,35.92,74.31,50.52,35,0,4.72
203,Bazarnye Mataki,54.88,49.93,37.2,86,43,3.24
204,Dalianwan,39.03,121.69,53.6,62,0,2.24
205,Richards Bay,-28.78,32.04,73.58,85,100,8.93
206,Aykhal,66,111.5,-4,83,90,2.24
207,Flin Flon,54.77,-101.86,35.6,96,90,4.7
208,Berbera,10.44,45.01,78.19,60,0,2.33
209,Jódar,37.84,-3.35,57.02,92,100,8.95
210,Buncrana,55.13,-7.45,48.2,81,0,9.17
211,Benjamin Constant,-4.38,-70.03,92.26,55,20,0.54
212,Fairbanks,64.84,-147.72,-25.4,67,20,1.25
213,Imeni Poliny Osipenko,52.42,136.49,12.31,87,1,3.27
214,Constitución,-35.33,-72.42,58.14,57,41,20.78
215,Kavieng,-2.57,150.8,79.09,89,100,10.45
216,Gravdal,68.12,13.5,41,86,75,10.29
217,Altamont,42.21,-121.74,66.85,31,1,4.7
218,Saskylakh,71.92,114.08,-5.35,91,98,5.14
219,Talnakh,69.49,88.4,1.4,84,40,6.71
220,Luanda,-8.84,13.23,78.8,78,20,4.7
221,Carutapera,-1.2,-46.02,81.36,77,82,8.88
222,Hofn,64.25,-15.21,46.17,65,0,26.98
223,Buluang,13.31,123.34,74.82,90,100,3.83
224,Kiryat Gat,31.61,34.76,65.32,100,72,3
225,Fjerritslev,57.08,9.27,48,82,99,14
226,São João da Barra,-21.64,-41.05,75.2,69,75,16.11
227,Atar,20.52,-13.05,84.04,15,0,1.32
228,Beloha,-25.17,45.05,67.69,88,33,5.82
229,East London,-33.02,27.91,68.94,80,100,6.62
230,Mujiayingzi,42.12,118.78,35.28,72,0,7.65
231,Mayskiy,47.69,40.1,48.2,76,0,13.42
232,Toguchin,55.24,84.39,32.2,93,100,27.11
233,Kuytun,54.34,101.5,21.07,94,41,6.85
234,Bubaque,11.28,-15.83,84.42,71,38,11.41
235,Koslan,63.46,48.9,37.67,92,27,7.76
236,Sibu,2.3,111.82,75.07,94,40,2.24
237,Meulaboh,4.14,96.13,75.76,87,100,2.98
238,Parry Sound,45.35,-80.03,62.6,48,0,6.15
239,Jiazi,22.88,116.07,65.37,77,5,13.82
240,Borba,-4.39,-59.59,92.34,48,100,1.28
241,Seguin,29.57,-97.96,80.76,32,1,9.17
242,Tsiroanomandidy,-18.77,46.03,76.1,59,56,4.74
243,Pisco,-13.7,-76.22,65.68,82,0,11.41
244,Dryden,49.78,-92.75,59,41,1,8.05
245,Khromtau,50.25,58.43,44.49,60,93,10.47
246,Lagos,6.58,3.75,80.6,88,20,4.61
247,San Vicente,-26.62,-54.13,73.18,31,0,6.22
248,Nanortalik,60.14,-45.24,32.99,88,100,9.22
249,Wānkāner,22.62,70.93,75.78,40,0,5.14
250,Lüderitz,-26.65,15.16,63.77,80,97,11.23
251,Līvāni,56.35,26.18,42.78,88,10,9.51
252,Kavaratti,10.57,72.64,82.26,77,53,7.65
253,Batagay,67.63,134.63,-20.02,87,98,0.92
254,Kloulklubed,7.04,134.26,77,94,75,10.96
255,Bethel,41.37,-73.41,59.04,36,1,10.29
256,Broome,42.25,-75.83,59.04,36,1,14.99
257,Marzuq,14.4,46.47,59.88,31,0,1.7
258,Rocky Mountain House,52.37,-114.92,51.8,53,77,8.05
259,Hīrna,9.22,41.1,57.49,36,0,2.57
260,Ramanathapuram,9.38,78.83,81.91,77,100,4.85
261,Helong,42.54,129,31.82,89,0,7.67
262,Pedernales,18.04,-71.74,82.4,83,75,17.22
263,San Policarpo,12.18,125.51,78.91,83,100,3.13
264,Sur,22.57,59.53,71.96,47,0,7.74
265,Saint-Joseph,-21.37,55.62,69.8,60,0,5.82
266,Yafran,32.06,12.53,63.16,50,64,9.01
267,Lagoa,39.05,-27.98,61.02,70,44,18.86
268,Grindavik,63.84,-22.43,44.6,81,75,23.04
269,Paita,-5.09,-81.11,67.89,73,14,19.04
270,Tshikapa,-6.42,20.8,70.81,93,100,5.84
271,Koson,39.04,65.58,46.4,33,0,4.7
272,Flinders,-34.58,150.86,58.86,87,100,4
273,Florø,61.6,5.03,48.2,81,75,20.8
274,Jumla,29.27,82.18,38.52,65,0,4.81
275,Merauke,-8.47,140.33,77.59,87,51,8.52
276,Iqaluit,63.75,-68.51,6.8,77,20,5.82
277,Ketchikan,55.34,-131.65,41.7,75,90,4.7
278,Nome,64.5,-165.41,23,62,90,9.17
279,Nakhon Thai,17.1,100.84,71.02,88,99,1.61
280,Qui Nhon,13.77,109.23,74.28,80,100,9.42
281,Sørland,67.67,12.69,41,86,75,10.29
282,Geraldton,-28.77,114.6,69.8,49,0,11.41
283,Pāsighāt,28.07,95.33,65.43,84,19,2.73
284,Safi,32.3,-9.24,65.8,69,100,23.67
285,Te Anau,-45.42,167.72,61.47,83,88,4.43
286,Saint Anthony,45.02,-93.22,72.93,23,1,6.93
287,Rio Grande,-32.03,-52.1,65.95,45,75,18.34
288,Deputatsky,69.3,139.9,-19.35,81,0,0.92
289,Kushiro,42.98,144.37,41.38,68,12,18.61
290,Yulara,-25.24,130.99,69.8,52,1,14.99
291,Avera,33.19,-82.53,69.1,33,1,5.82
292,Kennett,36.24,-90.06,76.17,33,1,9.17
293,Berezovyy,51.67,135.7,13.69,85,88,7.58
294,Urucará,-2.54,-57.76,86.13,64,100,2.17
295,Kupino,54.37,77.3,35.64,83,100,19.62
296,Portland,45.52,-122.68,65.25,72,75,11.41
297,Camapuã,-19.53,-54.04,83.21,33,0,4.36
298,Vostok,46.49,135.88,14.81,89,23,6.71
299,Gunjur,13.2,-16.73,80.6,94,40,4.7
300,Provideniya,64.38,-173.3,37.4,86,90,17.9
301,Pacific Grove,36.62,-121.92,68.22,52,1,6.93
302,Rantepao,-2.97,119.9,66.24,86,30,2.01
303,Dikson,73.51,80.55,1.42,92,0,7.07
304,Luxor,25.7,32.64,71.6,53,0,2.24
305,Araouane,18.9,-3.53,83.68,15,0,2.62
306,Bang Rakam,16.76,100.12,72,91,90,0.22
307,Najrān,17.49,44.13,64.4,23,0,1.77
308,Gourcy,13.22,-2.35,84.38,26,3,5.08
309,Burla,21.5,83.87,69.46,64,0,5.55
310,Beira,-19.84,34.84,80.29,88,75,9.17
311,Mossamedes,-15.2,12.15,68.74,70,0,9.22
312,Sambava,-14.27,50.17,70.57,84,6,8.93
313,Novy Urengoy,66.08,76.63,7.66,95,100,9.6
314,Waipawa,-41.41,175.52,66.83,72,99,21.92
315,Cayenne,4.93,-52.33,78.8,100,93,8.05
316,Makakilo City,21.35,-158.09,82.38,74,75,9.17
317,Kibuye,-2.06,29.35,66.2,77,21,11.41
318,Rayong,12.83,101.43,80.01,94,100,4.85
319,Waingapu,-9.66,120.26,79.52,76,14,4.07
320,Koróni,36.8,21.95,62.65,93,20,1.03
321,Aksha,50.28,113.29,22.08,93,100,2.71
322,Sebeta,8.92,38.62,51.37,49,0,0.58
323,Balikpapan,-1.27,116.83,76.06,91,21,2.77
324,Aranos,-24.13,19.12,70.5,27,0,15.28
325,Khani,41.96,42.96,68,56,40,10.29
326,Bulgan,48.81,103.53,26.28,96,100,5.35
327,Taoudenni,22.68,-3.98,78.71,16,43,5.01
328,Garoowe,8.41,48.48,75.38,55,1,11.16
329,Prince Rupert,54.32,-130.32,44.62,87,90,8.05
330,Harper,4.38,-7.72,78.84,89,64,6.02
331,Ust-Maya,60.42,134.53,-0.94,92,100,3.4
332,Urucurituba,-2.68,-57.67,86.27,64,100,2.21
333,Port Hedland,-20.32,118.57,75.2,73,0,13.87
334,Pionerskiy,54.95,20.23,48.09,93,75,13.42
335,Dingle,11,122.67,76.06,89,100,1.1
336,Yumen,40.28,97.2,34.77,68,0,15.61
337,Aswān,24.09,32.91,68.92,38,0,11.32
338,Touros,-5.2,-35.46,82.4,74,20,17.22
339,Slavyanka,42.86,131.38,37.49,68,7,9.48
340,Krasnozatonskiy,61.68,50.98,41,100,90,6.71
341,Colares,38.8,-9.45,52.81,66,40,8.05
342,Waldoboro,44.1,-69.38,42.24,68,90,9.17
343,Ziro,27.63,93.83,48.04,100,84,0.25
344,Skjervøy,70.03,20.97,41,65,40,9.17
345,Champerico,14.3,-91.92,70.54,52,75,34.45
346,Makurdi,7.74,8.51,80.65,62,100,4.94
347,Puerto Escondido,15.85,-97.07,86,66,5,3.36
348,Muros,42.78,-9.06,54,61,86,14
349,Zhigansk,66.77,123.37,0.05,93,100,6.51
350,Dom Pedro,-4.48,-44.45,77.61,90,100,2.73
351,Zdvinsk,54.7,78.66,35.29,84,81,18.99
352,Yinchuan,38.47,106.27,46.58,45,100,1.99
353,Torbay,47.67,-52.73,28.99,54,75,18.34
354,Aba,5.11,7.37,74.34,96,100,4.34
355,Snyder,32.72,-100.92,80.6,26,1,13.87
356,San Andrés,12.58,-81.7,82.4,88,90,6.93
357,Hare Bay,48.85,-54.01,26.6,73,3,8.05
358,Viedma,-40.81,-63,79.12,44,100,36.64
359,Ostrovnoy,68.05,39.51,36.77,88,75,22.93
360,Maniitsoq,65.42,-52.9,29.21,87,100,12.5
361,Khāsh,28.22,61.22,46.74,48,0,2.71
362,Esqueda,30.72,-109.58,82.99,20,87,0.81
363,Necochea,-38.55,-58.74,73,44,97,21.99
364,Hanna,51.63,-111.9,55.99,51,18,5.01
365,Altay,47.87,88.12,19.35,82,26,2.39
366,Palmer,42.16,-72.33,56.68,47,20,6.93
367,Ganzhou,28.82,115.43,57.87,63,52,0.16
368,Carballo,43.21,-8.69,50.23,62,85,17
369,Mayo,38.89,-76.51,62.4,48,1,11.41
370,Mount Isa,-20.73,139.5,75.2,50,0,10.47
371,Dedza,-14.38,34.33,65.43,57,84,3.42
372,Wamba,8.93,8.6,78.44,49,100,1.03
373,Santa Clara,22.4,-79.97,78.8,88,90,17.22
374,Rechitsy,55.6,38.46,46.4,87,75,4.47
375,Kasongo-Lunda,-6.47,16.82,71.74,92,100,1.07
376,Okhotsk,59.38,143.3,15.62,90,97,22.03
377,Liverpool,53.41,-2.98,46.38,93,40,4.7
378,Bongaree,-27.08,153.16,68,3,4,1.01
379,Tát,47.74,18.65,52.68,92,100,3.6
380,Oranjemund,-28.55,16.43,63.54,84,100,4.14
381,Coruripe,-10.13,-36.18,79.02,76,92,13.67
382,Novo Aripuanã,-5.12,-60.38,84.85,64,99,1.77
383,Rundu,-17.93,19.77,77.31,44,39,6.31
384,Taloqan,36.74,69.53,43.59,61,0,1.86
385,Uarini,-2.99,-65.11,91.4,63,20,6.93
386,Salalah,17.02,54.09,73.4,69,0,2.24
387,Mims,28.67,-80.84,77.45,50,40,11.41
388,Kedrovyy,56.17,91.82,26.6,86,75,13.42
389,Dali,25.7,100.18,55.18,87,38,4.16
390,Grand Gaube,-20.01,57.66,71.01,74,30,5.01
391,Ilulissat,69.22,-51.1,28.4,68,75,8.05
392,Hervey Bay,-25.3,152.85,73.99,76,3,3
393,Talcahuano,-36.72,-73.12,62.6,45,0,18.34
394,Karlskrona,56.16,15.59,46.4,87,14,9.17
395,Gibraleón,37.38,-6.97,58.91,75,80,5.01
396,Dijkot,31.22,72.98,62.91,27,0,4.59
397,Road Town,18.42,-64.62,82.85,70,40,11.41
398,Coyhaique,-45.58,-72.07,50,61,75,5.82
399,Taltal,-25.4,-70.48,63.43,62,27,7.36
400,Usinsk,65.99,57.53,36.23,95,99,9.24
401,Oktyabr'skiy,54.48,53.47,38.28,77,21,2.1
402,Ngunguru,-35.62,174.5,64,97,100,10
403,Nālūt,30.33,10.85,65.91,39,70,9.78
404,Hay River,60.82,-115.8,14,72,48,4.7
405,Port Lincoln,-34.73,135.87,54.45,62,84,12.73
406,Ghansor,22.65,79.95,59.38,40,0,1.57
407,Esna,25.29,32.55,71.6,53,0,2.24
408,Bāndīkūi,27.05,76.57,65.53,28,0,0.98
409,Dawei,14.08,98.2,73.31,82,10,4.68
410,Xingyi,24.19,102.82,54.21,98,99,3.89
411,Pyshma,56.95,63.25,33.46,93,7,8.1
412,Nishihara,26.18,127.76,72.88,53,75,14.99
413,Naghadeh,36.96,45.39,53.47,60,100,1.68
414,Alta Floresta,-9.88,-56.09,87.51,54,86,2.84
415,Oliveira dos Brejinhos,-12.32,-42.9,71.58,91,100,1.61
416,Buerarema,-14.96,-39.3,73.4,94,75,5.82
417,Passa Quatro,-22.39,-44.97,69.8,64,75,8.05
418,Miraflores,19.22,-98.81,71.6,18,5,4.81
419,Port Macquarie,-31.43,152.92,57.2,100,45,6.73
420,Chara,56.91,118.26,9.66,82,100,1.79
421,Kencong,-8.28,113.37,76.46,89,2,2.8
422,Inuvik,68.35,-133.72,5,77,74,4.7
423,Lorengau,-2.02,147.27,81.72,77,99,4.41
424,Puerto Quijarro,-17.78,-57.77,96.17,15,0,6.91
425,Senahú,15.4,-89.83,68.9,73,90,4.5
426,Sundargarh,22.12,84.03,65.05,55,0,4.23
427,Del Rio,29.36,-100.9,79.83,36,1,17.22
428,Rengo,-34.42,-70.87,75.2,36,0,9.62
429,Pochutla,15.74,-96.47,86.54,70,40,11.41
430,Marsh Harbour,26.54,-77.06,77.22,71,68,26.93
431,Camacha,33.08,-16.33,60.8,82,40,16.11
432,Fortuna,40.6,-124.16,70.86,72,20,5.82
433,Arlit,18.74,7.39,83.23,16,87,8.16
434,Moldava nad Bodvou,48.61,21,50.88,76,90,16.11
435,Kushima,31.46,131.23,53.06,72,0,4.97
436,Władysławowo,54.79,18.4,44.82,87,20,10.29
437,Ajdabiya,30.76,20.23,67.62,66,71,5.17
438,Turbo,8.09,-76.73,87.46,67,10,3.94
439,Virginia,37.55,-77.45,65.52,39,1,8.05
440,Ahipara,-35.17,173.17,62.83,94,100,13.58
441,Cacoal,-11.44,-61.45,92.44,42,88,0.29
442,Zhoucheng,35.91,116.31,55.99,1,92,6.38
443,Sitka,57.05,-135.33,39.2,86,75,5.82
444,George Town,5.41,100.34,78.4,88,20,3.36
445,Udachny,66.42,112.4,-4,83,90,2.24
446,Shiojiri,36.1,137.97,31.84,91,0,0.81
447,Coffs Harbour,-30.3,153.13,71.6,60,73,13.87
448,Brandon,27.94,-82.29,79.38,42,75,16.11
449,Sangar,63.92,127.47,-0.94,92,100,8.14
450,Paralímni,35.04,33.98,58.41,82,20,3.36
451,Forbes,-33.38,148.02,53.89,94,69,5.01
452,Mahanoro,-19.9,48.8,72.18,83,56,6.62
453,Paamiut,61.99,-49.67,30.31,91,92,8.19
454,Lethem,3.38,-59.8,89.53,54,100,5.14
455,Comodoro Rivadavia,-45.87,-67.5,73.4,18,40,23.04
456,Bako,5.78,36.57,65.88,67,16,3.47
457,Caravelas,-17.71,-39.25,71.69,84,100,7.18
458,Ocnele Mari,45.08,24.32,46.54,78,91,1.99
459,Arnedo,42.22,-2.1,47.52,93,75,3.36
460,Balkhash,46.84,74.98,32.18,84,40,6.64
461,Strathmore,51.05,-113.39,54.37,50,99,6.93
462,Ginda,30.69,78.49,47.5,50,0,5.73
463,Yarim,14.3,44.38,48.24,46,0,2.24
464,Westport,41.14,-73.36,59.29,51,1,5.82
465,Tokuyama,34.05,131.82,44.6,70,20,10.29
466,Kardymovo,54.89,32.43,44.6,91,100,10.49
467,Pevek,69.7,170.31,4.21,84,98,1.95
468,Guilin,25.28,110.29,64.4,88,90,3.4
469,Suluktu,39.93,69.57,42.8,56,0,6.71
470,Yerbogachën,61.28,108.01,14.83,96,100,4.54
471,Adrar,20.5,-10.07,83.03,15,10,5.03
472,Bethanien,-26.5,17.16,61.79,50,0,10.13
473,Virginia Beach,36.85,-75.98,66.06,52,1,8.05
474,Rafaela,-31.25,-61.49,81,22,100,8.01
475,Gorontalo,0.54,123.06,74.79,87,0,2.15
476,Yar-Sale,66.83,70.83,19.78,97,100,8.84
477,Kappeln,54.66,9.93,45.66,81,2,16.11
478,Doka,13.52,35.77,80.56,29,0,10.31
479,Tanout,14.97,8.89,80.82,20,0,11.32
480,Beisfjord,68.38,17.6,42.8,81,75,36.91
481,Port Keats,-14.25,129.55,81.9,75,29,3.78
482,Mizdah,31.45,12.98,61.72,48,57,5.59
483,Buena Vista,43.42,-83.9,71.4,30,0,14.99
484,Tura,25.52,90.22,62.82,52,0,0.83
485,Hays,30.05,-98.03,77.68,39,0,1.01
486,Alice Springs,-23.7,133.88,69.8,49,0,10.29
487,Saint-Philippe,-21.36,55.77,69.8,60,0,5.82
488,Baculin,7.45,126.58,77.99,77,100,4.61
489,Bafoulabé,13.81,-10.83,85.1,25,0,0.96
490,Port Hardy,50.7,-127.42,54.7,82,75,5.82
491,Thanh Hoa,19.8,105.77,66.38,81,40,4.45
492,Airai,-8.93,125.41,60.89,77,41,2.51
493,Vila Franca do Campo,37.72,-25.43,59,72,20,13.87
494,Belaya Gora,68.53,146.42,-17.05,79,34,4.97
495,Kaka,37.35,59.61,45.84,47,0,2.1
496,Puri,19.8,85.85,71.6,83,1,6.31
497,Emerald,-23.53,148.17,70.75,68,0,3.36
498,Yamada,39.47,141.95,42.71,73,3,5.08
499,Tautira,-17.73,-149.15,82.4,74,75,16.11
500,Zhaodong,46.08,125.98,29.55,68,0,6.71
501,Gualeguaychú,-33.01,-58.52,70.9,45,65,13.58
502,Fukuechō,32.69,128.84,59.49,50,21,6.78
503,Bara,10.37,10.73,83.39,27,23,11.3
504,Katsuura,35.13,140.3,53.37,58,20,14.99
505,Si Sa Ket,14.83,104.33,71.01,99,99,5.53
506,Arman',59.7,150.17,10.67,87,88,14.63
507,Ridgecrest,35.62,-117.67,85.08,13,1,5.82
508,Albanel,48.88,-72.45,28.4,79,90,10.29
509,Morgan City,29.7,-91.21,74.59,38,1,5.82
510,Labuhan,-6.88,112.21,79.21,84,96,7.4
511,Kirakira,-10.45,161.92,82.58,78,100,6.22
512,Awjilah,29.11,21.29,64.49,66,40,9.64
513,Mbandaka,0.05,18.26,73.36,93,90,2.95
514,Coquimbo,-29.95,-71.34,59,77,75,8.05
515,Yashan,22.2,109.94,67.32,78,71,2.64
516,San Joaquin,37.93,-121.3,73.36,40,1,11.41
517,Palana,59.12,159.97,31.35,96,39,9.37
518,Muzhi,65.37,64.67,35.49,85,40,16.06
519,Nabire,-3.37,135.48,75.09,86,94,4.72
520,Guantánamo,20.14,-75.21,82.4,78,75,12.75
521,La Ronge,55.1,-105.28,44.6,81,99,9.17
522,Kenora,49.82,-94.43,57.2,56,75,9.17
523,Mentougou,39.94,116.09,46.62,49,71,1.16
524,Ceyranbatan,40.54,49.66,50,100,40,2.24
525,North Bend,43.41,-124.22,67.28,82,90,13.87
526,Amga,60.9,131.96,3.06,93,100,3.51
527,Berlevåg,70.86,29.09,33.8,86,40,31.09
528,Suruç,36.98,38.42,51.8,100,75,8.05
529,Chapais,49.78,-74.85,23,92,90,10.29
530,Gainesville,29.65,-82.32,75.11,50,75,17.22
531,Naze,28.37,129.48,69.8,60,40,12.75
532,Bonavista,48.65,-53.11,27.05,73,88,8.05
533,Ullapool,57.9,-5.16,51.01,43,99,13
534,Victoria Point,-27.58,153.3,72.01,70,0,5.99
535,Qurayyat,31.33,37.34,62.6,55,0,4.7
536,Boromo,11.75,-2.93,85.96,29,34,4.03
537,San Felipe,10.34,-68.74,75.92,90,96,4.63
538,Marquard,-28.66,27.43,63.3,69,35,12.1
539,Machaneng,-23.19,27.49,77.04,55,33,17.18
540,Chontalpa,17.7,-93.52,73.56,90,100,4.99
541,Byron Bay,-28.65,153.62,62.31,88,31,10.45
542,Muğla Province,37.23,28.36,59.41,51,0,8.05
543,Torata,-17.08,-70.84,64.04,29,9,8.95
544,Kulhudhuffushi,6.62,73.07,81.84,65,0,1.5
545,Mana,5.66,-53.78,81.19,80,58,9.46
546,Neópolis,-10.32,-36.58,78.24,73,100,11.1
547,Amapá,1,-52,76.59,92,100,5.66
548,Ritchie,-29.04,24.6,66.2,72,100,17.22
549,Ol'ga,43.74,135.29,28.26,80,60,4.21
550,Sawākin,19.11,37.33,82.67,71,6,8.72
551,Okha,53.57,142.95,26.96,97,100,24.56
552,Macheng,31.18,115.03,59.11,51,93,2.62
553,Bumba,2.18,22.47,72.9,90,78,2.13
554,Marondera,-18.19,31.55,62.92,89,100,8.25
555,Sosnovo-Ozerskoye,52.52,111.54,14.94,95,49,6.78
556,Koumac,-20.57,164.28,76.77,76,20,6.8
557,Nyimba,-14.56,30.81,78.46,42,56,5.12
558,São Félix do Xingu,-6.64,-51.99,76.71,91,100,3.58
559,Havre-St-Pierre,50.23,-63.6,28.4,68,75,13.87
560,Abu Kamal,34.45,40.92,68.4,50,100,8.41
561,Hāgere Selam,6.48,38.52,48.16,100,48,3.02
562,Plettenberg Bay,-34.05,23.37,64.6,87,98,8.59
563,Kamenka,51.32,42.77,41,96,83,6.26
564,Verkh-Usugli,52.7,115.17,14.99,96,0,3.04
565,Mogadishu,2.04,45.34,79.14,84,42,11.45
566,Dolores,-36.31,-57.68,62.28,66,2,14.67
567,Tuy Hoa,13.08,109.3,73.13,81,100,7.74
568,Bud,39.45,-86.18,71.6,35,1,11.41
569,Auki,-8.77,160.7,82.76,75,100,2.51
570,Kieta,-6.22,155.63,81.97,70,100,2.46
571,Knysna,-34.04,23.05,64.4,100,96,9.17
572,Cururupu,-1.83,-44.87,80.37,77,95,5.35
573,Dzaoudzi,-12.79,45.27,77,83,0,6.93
574,Hue,16.47,107.6,71.6,94,75,11.41